Task,Architecture,MI,CC,Time,Score
1,1_SingleAgent,69.57,4.00,531.770129,0.2838
1,2_MultiAgent,69.57,4.00,538.420252,0.2838
2,1_SingleAgent,62.78,5.00,0.019712,0.6483
2,2_MultiAgent,62.78,5.00,0.019848,0.6483
3,1_SingleAgent,73.95,3.00,0.027499,0.7218
3,2_MultiAgent,72.92,5.00,0.023196,0.6788
4,1_SingleAgent,63.56,3.00,0.159390,0.5416
4,2_MultiAgent,68.09,3.00,0.156769,0.5594
